<?xml version="1.0"?>

<ruleset name="Complexity" xmlns="http://pmd.sourceforge.net/ruleset/2.0.0"
    xmlns:xsi="http://www.w3.org/2001/XMLSchema-instance"
    xsi:schemaLocation="http://pmd.sourceforge.net/ruleset/2.0.0 https://pmd.sourceforge.io/ruleset_2_0_0.xsd">

  <description>
The Complexity ruleset contains rules that find problems related to code size or complexity.
  </description>

    <rule ref="category/apex/design.xml/AvoidDeeplyNestedIfStmts" deprecated="true" />
    <rule ref="category/apex/design.xml/ExcessiveClassLength" deprecated="true" />
    <rule ref="category/apex/design.xml/ExcessiveParameterList" deprecated="true" />
    <rule ref="category/apex/design.xml/ExcessivePublicCount" deprecated="true" />
    <rule ref="category/apex/design.xml/NcssConstructorCount" deprecated="true" />
    <rule ref="category/apex/design.xml/NcssMethodCount" deprecated="true" />
    <rule ref="category/apex/design.xml/NcssTypeCount" deprecated="true" />
    <rule ref="category/apex/design.xml/StdCyclomaticComplexity" deprecated="true" />
    <rule ref="category/apex/design.xml/TooManyFields" deprecated="true" />

</ruleset>
