<?xml version="1.0" ?>

<!DOCTYPE module PUBLIC
        "-//Puppy Crawl//DTD Check Configuration 1.2//EN"
        "http://www.puppycrawl.com/dtds/configuration_1_2.dtd">

<module name="Checker">
    <!-- All checks are from https://github.com/sevntu-checkstyle/sevntu.checkstyle project -->

    <!-- Filters -->
    <module name="SuppressionFilter">
        <property name="file" value="${project.basedir}/config/sevntu_suppressions.xml"/>
    </module>

    <module name="TreeWalker">
        <!-- till https://github.com/sevntu-checkstyle/sevntu.checkstyle/issues/429
          <module name="StaticMethodCandidate"/>-->
        <module name="UselessSingleCatchCheck"/>
        <module name="NestedSwitchCheck"/>
        <module name="CauseParameterInException"/>
        <module name="NameConventionForJunit4TestClassesCheck"/>
        <module name="EmptyPublicCtorInClassCheck"/>
        <module name="TernaryPerExpressionCount"/>
        <module name="ReturnNullInsteadOfBoolean"/>
        <module name="ReturnBooleanFromTernary"/>
        <module name="PublicReferenceToPrivateTypeCheck"/>
        <module name="NoNullForCollectionReturnCheck"/>
        <module name="NoMainMethodInAbstractClass"/>
        <module name="InterfaceTypeParameterNameCheck"/>
        <module name="ForbidThrowAnonymousExceptionsCheck"/>
        <module name="ForbidReturnInFinallyBlock"/>
        <module name="ForbidInstantiation">
            <property name="forbiddenClasses" value="java.lang.NullPointerException,java.util.Vector,java.util.Stack"/>
        </module>
        <module name="ForbidCCommentsInMethods"/>
        <module name="FinalizeImplementationCheck"/>
        <module name="RequiredParameterForAnnotation"/>
        <module name="DiamondOperatorForVariableDefinitionCheck"/>
        <module name="ConfusingConditionCheck"/>
        <module name="AvoidDefaultSerializableInInnerClasses"/>
        <module name="UselessSuperCtorCallCheck"/>
        <module name="UnnecessaryParenthesesExtended">
            <property name="ignoreCalculationOfBooleanVariables" value="true"/>
            <property name="ignoreCalculationOfBooleanVariablesWithReturn" value="true"/>
            <property name="ignoreCalculationOfBooleanVariablesWithAssert" value="true"/>
        </module>
        <module name="MultipleVariableDeclarationsExtended">
            <property name="ignoreCycles" value="true"/>
            <property name="ignoreMethods" value="true"/>
        </module>
        <module name="ChildBlockLength">
            <property name="blockTypes" value="LITERAL_IF,LITERAL_ELSE,LITERAL_WHILE,LITERAL_DO,LITERAL_FOR,LITERAL_SWITCH,LITERAL_TRY,LITERAL_CATCH"/>
        </module>
        <module name="MapIterationInForEachLoop">
            <property name="proposeKeySetUsage" value="true"/>
            <property name="proposeEntrySetUsage" value="true"/>
        </module>

        <!--Might cause problems related to issue:
        https://github.com/sevntu-checkstyle/sevntu.checkstyle/issues/352-->
        <module name="AvoidConstantAsFirstOperandInConditionCheck">
            <property name="targetConstantTypes" value="LITERAL_NULL,LITERAL_TRUE,LITERAL_FALSE,NUM_INT,NUM_DOUBLE,NUM_LONG,NUM_FLOAT"/>
        </module>
        <module name="EitherLogOrThrowCheck"/>
        <module name="SingleSpaceSeparator">
            <metadata name="validateCommentNodes" value="false"/>
        </module>
        <module name="IllegalCatchExtended">
            <property name="allowRethrow" value="true"/>
        </module>
        <module name="AvoidNotShortCircuitOperatorsForBoolean"/>
        <module name="RedundantReturn"/>
        <module name="WhitespaceBeforeArrayInitializer"/>
        <module name="InnerClass"/>
        <!-- till https://github.com/sevntu-checkstyle/sevntu.checkstyle/issues/429
        <module name="EnumValueNameCheck">
            <property name="objFormat" value="^[A-Z][A-Z0-9]*(_[A-Z0-9]+)*$"/>
        </module>-->
        <module name="OverridableMethodInConstructor">
            <property name="checkCloneMethod" value="true"/>
            <property name="checkReadObjectMethod" value="true"/>
            <property name="matchMethodsByArgCount" value="true"/>
        </module>
        <!--commented till https://github.com/sevntu-checkstyle/sevntu.checkstyle/issues/410-->
        <!--<module name="AvoidModifiersForTypes"/>-->
        <module name="ForbidAnnotation">
            <property name="annotationNames" value="Ignore, VisibleForTesting"/>
            <property name="annotationTargets" value="METHOD_DEF"/>
        </module>
        <module name="RequiredParameterForAnnotation">
            <property name="annotationName" value="Generated"/>
            <property name="requiredParameters" value="value"/>
        </module>
        <module name="ForbidCertainImports">
            <property name="packageNameRegexp" value="^.*(api|utils).*$"/>
            <property name="forbiddenImportsRegexp" value="^.*checks.*|java\.util\.Vector|java\.util\.Stack$"/>
        </module>
        <module name="LineLengthExtended">
            <property name="max" value="100"/>
            <property name="ignoreClass" value="true"/>
            <property name="ignoreConstructor" value="true"/>
            <property name="ignoreField" value="true"/>
            <property name="ignoreMethod" value="true"/>
            <property name="ignorePattern" value="^ *\* *[^ ]+$"/>
        </module>
        <module name="AvoidHidingCauseException"/>
        <module name="MultipleStringLiteralsExtended">
            <property name="highlightAllDuplicates" value="true"/>
        </module>
        <module name="SimpleAccessorNameNotation"/>
        <module name="ForbidWildcardAsReturnType"/>
        <module name="CustomDeclarationOrder">
            <property name="customDeclarationOrder"
                      value="InnerEnum(public .*)
                      ### Field(public static final)
                      ### Field(public static .*)
                      ### Field(protected static final)
                      ### Field(protected static .*)
                      ### Field(static final)
                      ### Field(static .*)
                      ### Field(private static final)
                      ### Field(private static .*)
                      ### DeclareAnnonClassField(public static final)
                      ### DeclareAnnonClassField((private|protected) static final)
                      ### Field(@Autowired.* public)
                      ### Field(@Inject.* public)
                      ### Field(public.*)
                      ### Field(public)
                      ### Field(private final)
                      ### Field(private.*)
                      ### Field(private)
                      ### Field(.*)
                      ### Ctor(public)
                      ### Ctor(private)
                      ### MainMethod(.*)
                      ### Method((public|protected)?(\w*\s)?abstract\s)
                      ### Method(public static .*(new|edit|create|open|clone).*)
                      ### Method(@Autowired.* public)
                      ### Method(@Inject.* public)
                      ### Method(.*)
                      ### InnerEnum(private .*)
                      ### InnerInterface(.*)
                      ### InnerClass(.*)"/>
        </module>
        <module name="LogicConditionNeedOptimizationCheck"/>
        <module name="AvoidConditionInversionCheck"/>
        <module name="SingleBreakOrContinueCheck"/>
    </module>
</module>
